Date,benchmark
6/4/13,-0.002320523
6/5/13,-0.009263764
6/6/13,0.007162388
6/7/13,0.005077915
6/10/13,-0.002529689
6/11/13,-0.006106345
6/12/13,-0.002527751
6/13/13,0.01104979
6/14/13,-0.003240817
6/17/13,0.005733224
6/18/13,0.003417035
6/19/13,-0.013226836
6/20/13,-0.024322584
6/21/13,-0.002674862
6/24/13,-0.010219306
6/25/13,0.008363014
6/26/13,0.005269955
6/27/13,0.008041501
6/28/13,-0.00389963
7/1/13,0.005925955
7/2/13,-0.003146752
7/3/13,0.002598184
7/5/13,0.000246689
7/8/13,0.003937711
7/9/13,0.004470217
7/10/13,0.002138053
7/11/13,0.015916361
7/12/13,-0.001104845
7/15/13,0.003528165
7/16/13,0.00042353
7/17/13,0.002389338
7/18/13,0.003202652
7/19/13,0.000698459
7/22/13,0.003050761
7/23/13,0.000989312
7/24/13,-0.005132982
7/25/13,0.002272448
7/26/13,-0.001284347
7/29/13,-0.003226562
7/30/13,-0.001708916
7/31/13,0.002195505
8/1/13,0.005546563
8/2/13,0.002854304
8/5/13,-0.001348387
8/6/13,-0.00302123
8/7/13,-0.002263487
8/8/13,0.00619672
8/9/13,0.0006624
8/12/13,-0.000329802
8/13/13,0.000557468
8/14/13,-0.00116292
8/15/13,-0.00594355
8/16/13,-0.000987905
8/19/13,-0.006272337
8/20/13,0.002466119
8/21/13,-0.007971344
8/22/13,0.004875057
8/23/13,0.005391947
8/26/13,-0.001624317
8/27/13,-0.007003894
8/28/13,0.000649768
8/29/13,-0.00151636
8/30/13,-0.003466944
9/3/13,0.005172657
9/4/13,0.004369362
9/5/13,-0.001879345
9/6/13,0.004647005
9/9/13,0.007471059
9/10/13,0.003169318
9/11/13,0.003555777
9/12/13,-0.001891825
9/13/13,0.00272192
9/16/13,0.003614064
9/17/13,0.000103956
9/18/13,0.016948821
9/19/13,-0.003220506
9/20/13,-0.005527852
9/23/13,-0.002043363
9/24/13,-0.000187074
9/25/13,-0.000368542
9/26/13,0.001439205
9/27/13,-0.00133874
9/30/13,-0.003149993
10/1/13,0.003206644
10/2/13,0.00184301
10/3/13,-0.003229143
10/4/13,0.00176996
10/7/13,-0.003209404
10/8/13,-0.005863507
10/9/13,-0.000240695
10/10/13,0.012279602
10/11/13,0.0040698
10/14/13,0.000837662
10/15/13,-0.005230744
10/16/13,0.007887256
10/17/13,0.007457367
10/18/13,0.004491055
10/21/13,-0.000701919
10/22/13,0.005245075
10/23/13,-0.0058396
10/24/13,0.002594259
10/25/13,0.001475714
10/28/13,0.000380476
10/29/13,0.000561098
10/30/13,-0.00277178
10/31/13,-0.004298724
11/1/13,-0.003643922
11/4/13,0.002910466
11/5/13,-0.005669756
11/6/13,0.003202325
11/7/13,-0.008202524
11/8/13,0.002564026
11/11/13,0.001676199
11/12/13,-0.003385727
11/13/13,0.00493836
11/14/13,0.004107178
11/15/13,0.004367559
11/18/13,-0.000488885
11/19/13,-0.002163604
11/20/13,-0.003902447
11/21/13,0.004984629
11/22/13,0.003448179
11/25/13,-0.002375993
11/26/13,0.000847889
11/27/13,0.001308338
11/29/13,0.000813605
12/2/13,-0.005440159
12/3/13,-0.00099882
12/4/13,-0.002249315
12/5/13,-0.0023152
12/6/13,0.007734963
12/9/13,0.000142132
12/10/13,0.000560447
12/11/13,-0.00702195
12/12/13,-0.004697681
12/13/13,0.000176766
12/16/13,0.004981165
12/17/13,-0.002341062
12/18/13,0.007240777
12/19/13,-0.000452549
12/20/13,0.004870565
12/23/13,0.003990978
12/24/13,0.001197515
12/26/13,0.001707859
12/27/13,0.001312594
12/30/13,0.001860379
12/31/13,0.001794973
1/2/14,-0.011664521
1/3/14,-0.000256003
1/6/14,-0.000520794
1/7/14,0.002913827
1/8/14,-0.001943365
1/9/14,-0.000310756
1/10/14,0.006958229
1/13/14,-0.005873102
1/14/14,0.004282788
1/15/14,0.001434681
1/16/14,0.000713777
1/17/14,-0.002172248
1/21/14,0.002034145
1/22/14,0.002031442
1/23/14,-0.002745552
1/24/14,-0.013525462
1/27/14,-0.004151079
1/28/14,0.005276457
1/29/14,-0.004801959
1/30/14,0.005070887
1/31/14,-0.0059361
2/3/14,-0.010649519
2/4/14,0.004831312
2/5/14,-8.39E-05
2/6/14,0.009038224
2/7/14,0.008353042
2/10/14,-0.001012111
2/11/14,0.007395365
2/12/14,0.000112445
2/13/14,0.004202899
2/14/14,0.003355842
2/18/14,0.004860475
2/19/14,-0.003943568
2/20/14,0.003070018
2/21/14,0.000129081
2/24/14,0.004032516
2/25/14,-0.001137795
2/26/14,0.000161446
2/27/14,0.002573799
2/28/14,0.002426608
3/3/14,-0.005557866
3/4/14,0.007693455
3/5/14,-0.000422476
3/6/14,0.002982436
3/7/14,-0.002220478
3/10/14,-0.003121093
3/11/14,-0.003505285
3/12/14,-0.000315954
3/13/14,-0.006912651
3/14/14,0.000510351
3/17/14,0.003747516
3/18/14,0.005306195
3/19/14,-0.008655944
3/20/14,0.000452838
3/21/14,0.000646098
3/24/14,5.56E-05
3/25/14,0.003504731
3/26/14,-0.001321802
3/27/14,0.002526423
3/28/14,0.002996296
3/31/14,0.004858623
4/1/14,0.002339489
4/2/14,-0.000777819
4/3/14,-0.00085199
4/4/14,-0.002620023
4/7/14,-0.003207959
4/8/14,0.004223037
4/9/14,0.007515636
4/10/14,-0.009103207
4/11/14,-0.00442238
4/14/14,0.003660495
4/15/14,-3.60E-06
4/16/14,0.005989456
4/17/14,0.001483685
4/21/14,0.000341646
4/22/14,0.001462621
4/23/14,-0.001029978
4/24/14,0.001096688
4/25/14,-0.004405674
4/28/14,0.001055283
4/29/14,0.003188418
4/30/14,0.002602879
5/1/14,0.001593797
5/2/14,0.000786088
5/5/14,-0.000523355
5/6/14,-0.001479106
5/7/14,0.00265736
5/8/14,-0.000859843
5/9/14,-0.001412854
5/12/14,0.004954033
5/13/14,0.000392857
5/14/14,2.85E-05
5/15/14,-0.003828611
5/16/14,0.002680229
5/19/14,0.000335781
5/20/14,-0.003489086
5/21/14,0.003907217
5/22/14,0.001608773
5/23/14,0.002648127
5/27/14,0.002307875
5/28/14,-0.000418707
5/29/14,0.003422915
5/30/14,-0.002463928
6/2/14,0.000644429
6/3/14,-0.00128369
6/4/14,4.69E-05
6/5/14,0.005583255
6/6/14,0.003816761
6/9/14,0.000601321
6/10/14,-0.001162439
6/11/14,-0.001936598
6/12/14,0.000723569
6/13/14,0.001174693
6/16/14,7.20E-05
6/17/14,1.65E-05
6/18/14,0.005014194
6/19/14,0.001492874
6/20/14,0.000927326
6/23/14,-0.000824242
6/24/14,-0.00227775
6/25/14,0.001678007
6/26/14,0.000230233
6/27/14,0.002413894
6/30/14,0.000439772
7/1/14,0.004105599
7/2/14,-0.001317471
7/3/14,0.001769839
7/7/14,-0.003985415
7/8/14,-0.004282316
7/9/14,0.001855824
7/10/14,-0.003559033
7/11/14,-0.000525623
7/14/14,0.003422904
7/15/14,-0.003087666
7/16/14,0.002700976
7/17/14,-0.005378028
7/18/14,0.005477218
7/21/14,-0.000888104
7/22/14,0.002135133
7/23/14,0.002016419
7/24/14,-0.000683235
7/25/14,-0.001519552
7/28/14,-0.000585372
7/29/14,-0.002823066
7/30/14,-0.002215705
7/31/14,-0.010758656
8/1/14,-0.002078819
8/4/14,0.00489532
8/5/14,-0.007183912
8/6/14,0.000307474
8/7/14,-0.002805552
8/8/14,0.003905467
8/11/14,0.003123252
8/12/14,-0.002116562
8/13/14,0.00397227
8/14/14,0.001532165
8/15/14,0.001450483
8/18/14,0.002899908
8/19/14,0.000464064
8/20/14,-0.000296515
8/21/14,0.001967331
8/22/14,-0.000604933
8/25/14,0.002595347
8/26/14,0.000691455
8/27/14,0.002132511
8/28/14,-0.001086562
8/29/14,0.001630127
9/2/14,-0.003039652
9/3/14,0.002927985
9/4/14,-0.003839879
9/5/14,0.000860449
9/8/14,-0.005086243
9/9/14,-0.004228167
9/10/14,-3.93E-05
9/11/14,-0.001878772
9/12/14,-0.004019304
9/15/14,-0.000941095
9/16/14,0.004914267
9/17/14,-0.003666541
9/18/14,0.001584158
9/19/14,-0.001954618
9/22/14,-0.00458257
9/23/14,-0.003497091
9/24/14,0.004674807
9/25/14,-0.009072447
9/26/14,0.002755349
9/29/14,-0.00208233
9/30/14,-0.003168332
10/1/14,-0.007174076
10/2/14,-0.001498396
10/3/14,0.000902715
10/6/14,0.003422499
10/7/14,-0.007874589
10/8/14,0.009965215
10/9/14,-0.015374454
10/10/14,-0.008001267
10/13/14,-0.003206802
10/14/14,-0.00072015
10/15/14,-0.003097105
10/16/14,-0.000374607
10/17/14,0.006775962
10/20/14,0.004666423
10/21/14,0.007964811
10/22/14,-0.007041736
10/23/14,0.006677875
10/24/14,0.002396193
10/27/14,-0.000747741
10/28/14,0.008042568
10/29/14,-0.002246634
10/30/14,0.001806996
10/31/14,0.005487025
11/3/14,-0.00481881
11/4/14,-0.002856524
11/5/14,0.0012136
11/6/14,-0.001537014
11/7/14,0.002525082
11/10/14,-0.00015002
11/11/14,0.001976986
11/12/14,-0.002350668
11/13/14,-0.001935114
11/14/14,0.003290821
11/17/14,-0.001847276
11/18/14,0.003377421
11/19/14,-0.002030381
11/20/14,0.001135876
11/21/14,0.005462235
11/24/14,9.73E-05
11/25/14,0.000761607
11/26/14,0.001755444
11/28/14,-0.008424474
12/1/14,-0.002377277
12/2/14,-0.002434113
12/3/14,0.000874393
12/4/14,-0.001208182
12/5/14,-0.001962183
12/8/14,-0.006039973
12/9/14,0.000201761
12/10/14,-0.008525439
12/11/14,-0.001987484
12/12/14,-0.009322364
12/15/14,-0.008402957
12/16/14,0.00041672
12/17/14,0.008690455
12/18/14,0.008136181
12/19/14,0.004623769
12/22/14,0.0002857
12/23/14,-0.000731691
12/24/14,-2.04E-06
12/26/14,0.002144659
12/29/14,-0.002452055
12/30/14,-0.001947292
12/31/14,-0.004785354
1/2/15,-0.003296308
1/5/15,-0.013340856
1/6/15,-0.006119803
1/7/15,0.006419673
1/8/15,0.008120334
1/9/15,-0.003795891
1/12/15,-0.004900667
1/13/15,-0.000449967
1/14/15,0.000604015
1/15/15,-0.002836123
1/16/15,0.007924846
1/20/15,-0.002732039
1/21/15,0.004803486
1/22/15,0.003894788
1/23/15,-0.00457044
1/26/15,0.002956978
1/27/15,-0.001405418
1/28/15,-0.00842678
1/29/15,0.003759179
1/30/15,-0.0025193
2/2/15,0.009702201
2/3/15,0.01185325
2/4/15,-0.006572355
2/5/15,0.009034715
2/6/15,-0.00728821
2/9/15,-0.000856913
2/10/15,0.002020815
2/11/15,-0.003741205
2/12/15,0.011264573
2/13/15,0.004892428
2/17/15,-0.000243765
2/18/15,0.000853856
2/19/15,-0.001581129
2/20/15,0.003902172
2/23/15,-0.002329065
2/24/15,0.002910265
2/25/15,0.003194427
2/26/15,-0.004103466
2/27/15,0.001095842
3/2/15,-0.000709416
3/3/15,-0.002420285
3/4/15,-0.003887728
3/5/15,-0.000116457
3/6/15,-0.011460817
3/9/15,0.001195036
3/10/15,-0.01243255
3/11/15,-7.63E-05
3/12/15,0.006883615
3/13/15,-0.008267253
3/16/15,0.007606736
3/17/15,-0.001684431
3/18/15,0.017636263
3/19/15,-0.008940587
3/20/15,0.011514263
3/23/15,0.004388898
3/24/15,-0.00259965
3/25/15,-0.006240482
3/26/15,-0.001390997
3/27/15,-0.000971356
3/30/15,0.002931789
3/31/15,-0.005059797
4/1/15,0.003837333
4/2/15,0.003612982
4/6/15,0.007747517
4/7/15,-0.000904793
4/8/15,-5.78E-05
4/9/15,-0.000798484
4/10/15,0.003430082
4/13/15,-0.00303812
4/14/15,0.005048824
4/15/15,0.006979222
4/16/15,0.002676899
4/17/15,-0.006423029
4/20/15,0.001049477
4/21/15,-0.000277009
4/22/15,0.001472816
4/23/15,0.005586453
4/24/15,0.00263148
4/27/15,-0.000147777
4/28/15,0.001732974
4/29/15,-0.002274029
4/30/15,-0.00440816
5/1/15,0.003902989
5/4/15,-0.00089987
5/5/15,-0.005693937
5/6/15,-0.001100479
5/7/15,-0.00155127
5/8/15,0.009745892
5/11/15,-0.005958049
5/12/15,0.001100871
5/13/15,0.002035174
5/14/15,0.007038325
5/15/15,0.003036561
5/18/15,-0.003450672
5/19/15,-0.004936689
5/20/15,-0.00025376
5/21/15,0.004687079
5/22/15,-0.004925371
5/26/15,-0.010281239
5/27/15,0.00353107
5/28/15,-0.001204826
5/29/15,-0.001333481
6/1/15,-0.002058363
6/2/15,0.002816902
6/3/15,-0.000871533
6/4/15,-0.006421111
6/5/15,-0.005674294
6/8/15,-0.001047163
6/9/15,0.000125885
6/10/15,0.010862282
6/11/15,0.000968386
6/12/15,-0.005215323
6/15/15,-0.003775561
6/16/15,0.002194511
6/17/15,0.001320367
6/18/15,0.006091252
6/19/15,-0.003211818
6/22/15,0.005285831
6/23/15,0.000311424
6/24/15,-0.004496777
6/25/15,-0.001833054
6/26/15,-0.000368169
6/29/15,-0.012696865
6/30/15,0.002456567
7/1/15,-0.00026276
7/2/15,0.00052677
7/6/15,-0.009615724
7/7/15,2.65E-05
7/8/15,-0.010400271
7/9/15,0.004502671
7/10/15,0.010425542
7/13/15,0.002032559
7/14/15,0.003974567
7/15/15,-0.002863356
7/16/15,0.003314164
7/17/15,-0.001009016
7/20/15,-0.002276638
7/21/15,0.000303973
7/22/15,-0.004628167
7/23/15,-0.002009446
7/24/15,-0.007548679
7/27/15,-0.005323782
7/28/15,0.006597741
7/29/15,0.003172407
7/30/15,-8.26E-06
7/31/15,0.000436301
8/3/15,-0.004418508
8/4/15,-0.000665148
8/5/15,-0.000483774
8/6/15,-0.003351774
8/7/15,-0.000282862
8/10/15,0.009232901
8/11/15,-0.007671452
8/12/15,0.000291435
8/13/15,-0.002200701
8/14/15,0.000762244
8/17/15,0.000483779
8/18/15,-0.004005768
8/19/15,-0.005246774
8/20/15,-0.011626656
8/21/15,-0.01481511
8/24/15,-0.02294338
8/25/15,-0.001707615
8/26/15,0.013239704
8/27/15,0.0163333
8/28/15,0.002988137
8/31/15,-0.000365634
9/1/15,-0.019942139
9/2/15,0.009723125
9/3/15,0.00164247
9/4/15,-0.011786869
9/8/15,0.01522827
9/9/15,-0.007173225
9/10/15,0.004492122
9/11/15,0.001820047
9/14/15,-0.003839737
9/15/15,0.004278305
9/16/15,0.009274246
9/17/15,0.001906435
9/18/15,-0.012538776
9/21/15,0.000289117
9/22/15,-0.010043283
9/23/15,-0.003733147
9/24/15,-0.000578907
9/25/15,-9.50E-05
9/28/15,-0.01343255
9/29/15,0.00160489
9/30/15,0.009711755
10/1/15,0.002710358
10/2/15,0.010644859
10/5/15,0.011639539
10/6/15,0.003090354
10/7/15,0.006322516
10/8/15,0.006276107
10/9/15,0.001527734
10/12/15,-0.003015777
10/13/15,-0.006334889
10/14/15,0.002352011
10/15/15,0.008131215
10/16/15,0.000281825
10/19/15,-0.003811298
10/20/15,-0.001174574
10/21/15,-0.003822296
10/22/15,0.006988502
10/23/15,0.002514596
10/26/15,-0.002287376
10/27/15,-0.003846397
10/28/15,0.005757327
10/29/15,-0.004092451
10/30/15,0.000259515
11/2/15,0.005869743
11/3/15,0.003411385
11/4/15,-0.00616838
11/5/15,-0.00268261
11/6/15,-0.00561534
11/9/15,-0.006853327
11/10/15,-0.000242802
11/11/15,-0.000839431
11/12/15,-0.007880466
11/13/15,-0.006986958
11/16/15,0.007230662
11/17/15,-0.001644636
11/18/15,0.007211409
11/19/15,0.003670242
11/20/15,0.000135172
11/23/15,-0.002052932
11/24/15,0.003383979
11/25/15,0.000206587
11/27/15,-0.002398491
11/30/15,-0.002320721
12/1/15,0.007917888
12/2/15,-0.009146372
12/3/15,-0.004995425
12/4/15,0.008075638
12/7/15,-0.008625761
12/8/15,-0.005752496
12/9/15,-0.001737706
12/10/15,-0.001739023
12/11/15,-0.012036749
12/14/15,-0.000122735
12/15/15,0.005053401
12/16/15,0.00713226
12/17/15,-0.009089453
12/18/15,-0.005395896
12/21/15,0.004354553
12/22/15,0.004441941
12/23/15,0.010064925
12/24/15,-0.000318382
12/28/15,-0.002498965
12/29/15,0.005693827
12/30/15,-0.005703937
12/31/15,-0.003635265
1/4/16,-0.010152422
1/5/16,-0.001355696
1/6/16,-0.009932916
1/7/16,-0.012624585
1/8/16,-0.006693363
1/11/16,-0.004732411
1/12/16,0.002909492
1/13/16,-0.01220979
1/14/16,0.008973053
1/15/16,-0.017449591
1/19/16,2.26E-05
1/20/16,-0.009527583
1/21/16,0.005325678
1/22/16,0.017094754
1/25/16,-0.011667929
1/26/16,0.012221975
1/27/16,-0.003193785
1/28/16,0.005119535
1/29/16,0.013547434
2/1/16,-0.002005377
2/2/16,-0.014587016
2/3/16,0.012093821
2/4/16,0.001609792
2/5/16,-0.011472956
2/8/16,-0.008861132
2/9/16,-0.005558151
2/10/16,0.000757874
2/11/16,-0.006257037
2/12/16,0.010788826
2/16/16,0.007775929
2/17/16,0.013499756
2/18/16,-0.001924438
2/19/16,-0.001032186
2/22/16,0.009752654
2/23/16,-0.009694335
2/24/16,0.0022398
2/25/16,0.006759985
2/26/16,-0.002471072
2/29/16,-0.001200449
3/1/16,0.01343236
3/2/16,0.004150038
3/3/16,0.00584516
3/4/16,0.006638644
3/7/16,0.00270692
3/8/16,-0.00764365
3/9/16,0.004359325
3/10/16,-0.000739869
3/11/16,0.012498893
3/14/16,-0.002356664
3/15/16,-0.005683119
3/16/16,0.011112895
3/17/16,0.008881859
3/18/16,0.000749554
3/21/16,-0.00059597
3/22/16,-0.000951907
3/23/16,-0.008325908
3/24/16,-0.00211664
3/28/16,0.002247163
3/29/16,0.008094469
3/30/16,0.002941828
3/31/16,0.000891457
4/1/16,-0.002692503
4/4/16,-0.003730897
4/5/16,-0.006982526
4/6/16,0.008644273
4/7/16,-0.007764149
4/8/16,0.008996234
4/11/16,0.00184556
4/12/16,0.008359849
4/13/16,0.006551149
4/14/16,-0.001535969
4/15/16,-0.000310207
4/18/16,0.003730488
4/19/16,0.008562716
4/20/16,0.001035485
4/21/16,-0.00439601
4/22/16,-0.002202429
4/25/16,-0.002907115
4/26/16,0.003797188
4/27/16,0.002755894
4/28/16,-0.001520072
4/29/16,-0.000895722
5/2/16,0.002413525
5/3/16,-0.00865597
5/4/16,-0.005085968
5/5/16,-0.000664074
5/6/16,0.002324452
5/9/16,-0.005089857
5/10/16,0.010247542
5/11/16,-0.001039066
5/12/16,-0.001098879
5/13/16,-0.005908892
5/16/16,0.007347608
5/17/16,-0.00366054
5/18/16,-0.004245898
5/19/16,-0.002948182
5/20/16,0.004796692
5/23/16,-0.002304979
5/24/16,0.007617527
5/25/16,0.006234056
5/26/16,0.001525689
5/27/16,0.000504715
5/31/16,-0.001666033
6/1/16,0.002732982
6/2/16,0.002666946
6/3/16,0.006001621
6/6/16,0.004039628
6/7/16,0.004917962
6/8/16,0.004114822
6/9/16,-0.004579486
6/10/16,-0.012466276
6/13/16,-0.006042946
6/14/16,-0.004865086
6/15/16,0.002378729
6/16/16,-0.000935727
6/17/16,0.004232745
6/20/16,0.008504041
6/21/16,0.001230076
6/22/16,-0.000905628
6/23/16,0.011933637
6/24/16,-0.03322812
6/27/16,-0.011345838
6/28/16,0.01491733
6/29/16,0.011847131
6/30/16,0.006300444
7/1/16,0.005248282
7/5/16,-0.010895288
7/6/16,0.002571816
7/7/16,-0.005440816
7/8/16,0.011018058
7/11/16,0.002581325
7/12/16,0.006084261
7/13/16,-0.00116469
7/14/16,0.004454124
7/15/16,-0.002964951
7/18/16,0.000459287
7/19/16,-0.004484528
7/20/16,0.001889893
7/21/16,-0.002205503
7/22/16,0.00160626
7/25/16,-0.003156785
7/26/16,0.002527205
7/27/16,0.000224758
7/28/16,-0.000133407
7/29/16,0.007065196
8/1/16,-0.005474998
8/2/16,-0.003082058
8/3/16,0.002647483
8/4/16,0.001851887
8/5/16,0.003752927
8/8/16,0.001464274
8/9/16,0.002800272
8/10/16,-0.000116256
8/11/16,0.005381514
8/12/16,0.000930677
8/15/16,0.00410131
8/16/16,-0.000327984
8/17/16,0.000702911
8/18/16,0.005055512
8/19/16,-0.003491405
8/22/16,-0.002275
8/23/16,0.002613586
8/24/16,-0.004847227
8/25/16,-7.47E-05
8/26/16,-0.004871004
8/29/16,0.00303231
8/30/16,-0.002984552
8/31/16,-0.005111624
9/1/16,0.001269899
9/2/16,0.004960685
9/6/16,0.007141464
9/7/16,0.002104648
9/8/16,-0.001597919
9/9/16,-0.01756048
9/12/16,0.007527491
9/13/16,-0.014047244
9/14/16,-0.000399941
9/15/16,0.006878821
9/16/16,-0.004954164
9/19/16,0.002041078
9/20/16,0.002406625
9/21/16,0.011720531
9/22/16,0.005251063
9/23/16,-0.005941656
9/26/16,-0.003036829
9/27/16,0.002586119
9/28/16,0.005972726
9/29/16,-0.004779667
9/30/16,0.003395944
10/3/16,-0.000717985
10/4/16,-0.004203467
10/5/16,0.003752413
10/6/16,-0.001832102
10/7/16,-0.002849311
10/10/16,0.003072415
10/11/16,-0.010363542
10/12/16,-0.00108169
10/13/16,-0.000906618
10/14/16,-0.00130409
10/17/16,-0.000788938
10/18/16,0.00542615
10/19/16,0.003996077
10/20/16,-0.002431409
10/21/16,-0.001139138
10/24/16,0.001576794
10/25/16,-0.002252595
10/26/16,-0.003985769
10/27/16,-0.001827841
10/28/16,-0.002091575
10/31/16,-0.001647982
11/1/16,-0.002473443
11/2/16,-0.004454041
11/3/16,-0.002065563
11/4/16,-0.002992115
11/7/16,0.01051102
11/8/16,0.001425634
11/9/16,-0.001610194
11/10/16,-0.00616909
11/11/16,-0.006018482
11/14/16,-0.002808894
11/15/16,0.008265437
11/16/16,-0.004000942
11/17/16,0.00127896
11/18/16,-0.003581449
11/21/16,0.008802414
11/22/16,0.001357419
11/23/16,-0.002236299
11/25/16,0.001118256
11/28/16,-0.000214405
11/29/16,-0.000637063
11/30/16,0.001205803
12/1/16,-0.00036101
12/2/16,0.003281801
12/5/16,0.004829353
12/6/16,0.00190648
12/7/16,0.008008193
12/8/16,0.000232547
12/9/16,0.000456384
12/12/16,0.000122015
12/13/16,0.005219036
12/14/16,-0.011500857
12/15/16,-0.000766728
12/16/16,0.000190773
12/19/16,0.000459047
12/20/16,0.002203673
12/21/16,-0.000200972
12/22/16,-0.002745087
12/23/16,0.001724225
12/27/16,0.002714943
12/28/16,-0.002467612
12/29/16,0.002391884
12/30/16,-0.000500849
1/3/17,0.000778986
1/4/17,0.006461778
1/5/17,0.005274946
1/6/17,-0.002194481
1/9/17,-0.002531347
1/10/17,-9.51E-05
1/11/17,0.004680656
1/12/17,0.001489847
1/13/17,0.00198313
1/17/17,0.00027103
1/18/17,-0.004921814
1/19/17,-0.0020896
1/20/17,0.003292147
1/23/17,0.002156004
1/24/17,0.003196675
1/25/17,0.004126709
1/26/17,-0.001748237
1/27/17,-0.00140065
1/30/17,-0.004529551
1/31/17,0.003662866
2/1/17,0.001445818
2/2/17,0.001423521
2/3/17,0.002439494
2/6/17,-0.001663598
2/7/17,-0.001905358
2/8/17,0.002492126
2/9/17,0.001968455
2/10/17,0.003826869
2/13/17,0.000620191
2/14/17,0.00093441
2/15/17,0.002951861
2/16/17,0.001374201
2/17/17,-0.000832187
2/21/17,0.003255942
2/22/17,-0.000546202
2/23/17,0.001713458
2/24/17,-0.000330415
2/27/17,-0.001117602
2/28/17,-0.001595854
3/1/17,0.004491342
3/2/17,-0.007247732
3/3/17,0.003499626
3/6/17,-0.001499008
3/7/17,-0.002828902
3/8/17,-0.005658147
3/9/17,-0.002042728
3/10/17,0.003344179
3/13/17,0.001428799
3/14/17,-0.003728781
3/15/17,0.011679201
3/16/17,0.000513718
3/17/17,0.001378231
3/20/17,-0.000680199
3/21/17,-0.00493125
3/22/17,0.001940969
3/23/17,-0.001102044
3/24/17,0.001512662
3/27/17,0.001467699
3/28/17,0.00284015
3/29/17,0.002626018
3/30/17,-0.001424257
3/31/17,-9.98E-05
4/3/17,-0.000356743
4/4/17,0.001105911
4/5/17,-0.001762872
4/6/17,0.001198979
4/7/17,-0.00132016
4/10/17,0.001819622
4/11/17,0.001726905
4/12/17,-0.000336742
4/13/17,-0.002951031
4/17/17,0.004773903
4/18/17,-0.001697306
4/19/17,-0.003876764
4/20/17,0.003373737
4/21/17,-0.001968946
4/24/17,0.008818288
4/25/17,0.003246982
4/26/17,-0.001624361
4/27/17,0.000702199
4/28/17,-0.000571974
5/1/17,0.001042613
5/2/17,0.001154024
5/3/17,-0.002544436
5/4/17,-0.001294511
5/5/17,0.005338307
5/8/17,-0.003376553
5/9/17,-0.001832724
5/10/17,0.002774999
5/11/17,-0.000263194
5/12/17,0.002125465
5/15/17,0.004621748
5/16/17,0.001928971
5/17/17,-0.005365706
5/18/17,5.35E-05
5/19/17,0.008680422
5/22/17,0.002864772
5/23/17,-0.001089589
5/24/17,0.001534928
5/25/17,-0.00077029
5/26/17,0.000498181
5/30/17,-0.00069343
5/31/17,-0.001061926
6/1/17,0.003625822
6/2/17,0.004604458
6/5/17,-0.002442531
6/6/17,0.000774188
6/7/17,-0.002900926
6/8/17,-0.000560147
6/9/17,-0.001523477
6/12/17,-0.000920362
6/13/17,0.004374567
6/14/17,-0.002131002
6/15/17,-0.00469958
6/16/17,0.00373194
6/19/17,0.001338962
6/20/17,-0.005920656
6/21/17,-0.001173419
6/22/17,0.000903247
6/23/17,0.001745974
6/26/17,0.002035237
6/27/17,-0.002320124
6/28/17,0.006201362
6/29/17,-0.005157392
6/30/17,0.003134649
7/3/17,0.000757734
7/5/17,-0.001929534
7/6/17,-0.005272535
7/7/17,0.000674753
7/10/17,0.001748091
7/11/17,0.002462594
7/12/17,0.005681265
7/13/17,0.001892292
7/14/17,0.005075299
7/17/17,-0.000408632
7/18/17,0.003012822
7/19/17,0.003885683
7/20/17,0.001516758
7/21/17,-0.001822368
7/24/17,0.000120469
7/25/17,0.001014754
7/26/17,0.004552837
7/27/17,-0.001311146
7/28/17,0.001646215
7/31/17,0.001543578
8/1/17,0.00184612
8/2/17,-9.81E-06
8/3/17,-0.00063679
8/4/17,-0.000354249
8/7/17,0.001771275
8/8/17,-0.002415998
8/9/17,-0.000458323
8/10/17,-0.009300536
8/11/17,0.001822923
8/14/17,0.002847529
8/15/17,-0.001902407
8/16/17,0.002756678
8/17/17,-0.007543541
8/18/17,0.003247565
8/21/17,-0.000409912
8/22/17,0.003644084
8/23/17,0.001003434
8/24/17,-0.001449193
8/25/17,0.003338686
8/28/17,0.000405324
8/29/17,-0.000498699
8/30/17,-0.000343017
8/31/17,0.00741793
9/1/17,0.000750462
9/5/17,-0.001013649
9/6/17,0.003046615
9/7/17,0.003827303
9/8/17,-0.002006969
9/11/17,0.00362069
9/12/17,0.000721683
9/13/17,-0.001499419
9/14/17,0.000508068
9/15/17,0.001756424
9/18/17,0.001129229
9/19/17,0.000688246
9/20/17,-2.31E-05
9/21/17,-0.001844959
9/22/17,0.001378304
9/25/17,-0.000792365
9/26/17,-0.002220968
9/27/17,-0.000647711
9/28/17,0.000668398
9/29/17,0.002470833
10/2/17,-0.000669802
10/3/17,0.002491211
10/4/17,0.00027339
10/5/17,0.002047768
10/6/17,-0.002383582
10/9/17,-0.000405719
10/10/17,0.005550423
10/11/17,0.002331368
10/12/17,-0.000563057
10/13/17,0.003656612
10/16/17,0.000281465
10/17/17,-0.000402428
10/18/17,-0.000338503
10/19/17,-0.001153814
10/20/17,4.18E-05
10/23/17,-0.001918846
10/24/17,0.001433884
10/25/17,-0.002567302
10/26/17,-0.000653888
10/27/17,0.004223314
10/30/17,0.000738149
10/31/17,0.002037261
11/1/17,0.000992705
11/2/17,0.001546803
11/3/17,0.001508372
11/6/17,0.004047787
11/7/17,-0.002258809
11/8/17,0.001337892
11/9/17,-0.003133325
11/10/17,-0.000974594
11/13/17,-0.001507528
11/14/17,-0.001452713
11/15/17,-0.002424422
11/16/17,0.005052596
11/17/17,0.001707002
11/20/17,-0.000524561
11/21/17,0.005807627
11/22/17,0.002752286
11/24/17,0.002618465
11/27/17,-0.001878854
11/28/17,0.003606146
11/29/17,-0.003209421
11/30/17,0.001658185
12/1/17,0.001514387
12/4/17,-0.002951619
12/5/17,-0.001942144
12/6/17,-0.003891669
12/7/17,0.001649257
12/8/17,0.003586961
12/11/17,0.001730905
12/12/17,-0.000951069
12/13/17,0.002225411
12/14/17,-0.001669731
12/15/17,0.002387609
12/18/17,0.005488193
12/19/17,-0.002412136
12/20/17,-0.000134259
12/21/17,0.001556829
12/22/17,0.001742179
12/26/17,0.002015326
12/27/17,0.001901669
12/28/17,0.002081079
12/29/17,7.12E-05
1/2/18,0.005858316
1/3/18,0.004199043
1/4/18,0.003687362
1/5/18,0.00198414
1/8/18,0.000535557
1/9/18,0.000779403
1/10/18,-0.000427533
1/11/18,0.004523922
1/12/18,0.006288375
1/16/18,-0.001076946
1/17/18,0.004386786
1/18/18,-0.001775839
1/19/18,0.002536506
1/22/18,0.00454411
1/23/18,0.003191219
1/24/18,0.003522219
1/25/18,-0.000878465
1/26/18,0.006440849
1/29/18,-0.005908315
1/30/18,-0.007616417
1/31/18,0.001375681
2/1/18,0.000707435
2/2/18,-0.015139221
2/5/18,-0.019346552
2/6/18,0.008241576
2/7/18,-0.010673356
2/8/18,-0.01902197
2/9/18,0.003213014
2/12/18,0.0097662
2/13/18,0.001502962
2/14/18,0.01111538
2/15/18,0.007668263
2/16/18,0.000219869
2/20/18,-0.005508206
2/21/18,-0.003735162
2/22/18,0.003614248
2/23/18,0.009013304
2/26/18,0.005881296
2/27/18,-0.010672901
2/28/18,-0.00713854
3/1/18,-0.005489329
3/2/18,0.002330513
3/5/18,0.005256541
3/6/18,0.003836987
3/7/18,-0.001616096
3/8/18,0.00097956
3/9/18,0.008117654
3/12/18,0.000677286
3/13/18,-0.003829573
3/14/18,0.00033765
3/15/18,-0.000959558
3/16/18,-5.65E-07
3/19/18,-0.00600635
3/20/18,0.00130862
3/21/18,0.003710949
3/22/18,-0.014002847
3/23/18,-0.007244247
3/26/18,0.013318235
3/27/18,-0.007254393
3/28/18,-0.001670535
3/29/18,0.008443062
4/2/18,-0.012110397
4/3/18,0.005132016
4/4/18,0.004491671
4/5/18,0.002151398
4/6/18,-0.009150689
4/9/18,0.005637183
4/10/18,0.010285796
4/11/18,-0.001561182
4/12/18,0.002762491
4/13/18,-0.000994463
4/16/18,0.002616162
4/17/18,0.004495606
4/18/18,0.003658488
4/19/18,-0.005223419
4/20/18,-0.005410024
4/23/18,-0.001851743
4/24/18,-0.005859265
4/25/18,-0.001091228
4/26/18,0.005447896
4/27/18,0.001543952
4/30/18,-0.004047414
5/1/18,-0.002483027
5/2/18,-0.002684697
5/3/18,0.001674741
5/4/18,0.005547842
5/7/18,0.000490002
5/8/18,-0.000760458
5/9/18,0.00413858
5/10/18,0.00650993
5/11/18,0.000864272
5/14/18,0.000877986
5/15/18,-0.007482362
5/16/18,0.002972537
5/17/18,-0.000648099
5/18/18,-0.001756321
5/21/18,0.004279321
5/22/18,-0.000346967
5/23/18,-0.001082091
5/24/18,-0.000197023
5/25/18,-0.003637957
5/29/18,-0.009310654
5/30/18,0.008972512
5/31/18,-0.003335298
6/1/18,0.003935948
6/4/18,0.00163533
6/5/18,0.000307626
6/6/18,0.004305253
6/7/18,-0.000577374
6/8/18,0.000652764
6/11/18,0.000991109
6/12/18,-0.000928767
6/13/18,-0.001002088
6/14/18,-0.001017525
6/15/18,-0.004589479
6/18/18,-0.001803979
6/19/18,-0.004368043
6/20/18,0.0013877
6/21/18,-0.00474465
6/22/18,0.006748806
6/25/18,-0.009738856
6/26/18,0.00209075
6/27/18,-0.004000657
6/28/18,0.002642693
6/29/18,0.004913413
7/2/18,-0.003699614
7/3/18,0.000448015
7/5/18,0.004882271
7/6/18,0.004559404
7/9/18,0.005917179
7/10/18,0.000663862
7/11/18,-0.011060171
7/12/18,0.004964763
7/13/18,0.001293412
7/16/18,-0.003117383
7/17/18,0.001814771
7/18/18,0.000429715
7/19/18,-0.002036655
7/20/18,0.002177773
7/23/18,-0.000942056
7/24/18,0.003285839
7/25/18,0.007863149
7/26/18,-0.003011194
7/27/18,-0.001930222
7/30/18,-0.001405326
7/31/18,0.001581829
8/1/18,-0.004239666
8/2/18,0.000473361
8/3/18,0.002458575
8/6/18,0.000202603
8/7/18,0.002648429
8/8/18,-0.002013534
8/9/18,-0.00183382
8/10/18,-0.00623852
8/13/18,-0.003908909
8/14/18,0.001908795
8/15/18,-0.008223489
8/16/18,0.005298745
8/17/18,0.004192005
8/20/18,0.003181588
8/21/18,0.003231782
8/22/18,0.003371974
8/23/18,-0.003726183
8/24/18,0.005484971
8/27/18,0.0068173
8/28/18,-0.00108934
8/29/18,0.003562869
8/30/18,-0.004692095
8/31/18,-0.000731915
9/4/18,-0.004862344
9/5/18,-0.003848459
9/6/18,-0.001346269
9/7/18,-0.003579999
9/10/18,0.001877997
9/11/18,0.001506804
9/12/18,0.002302489
9/13/18,0.002791464
9/14/18,-0.000795916
9/17/18,-0.00170725
9/18/18,0.004252148
9/19/18,0.002103517
9/20/18,0.006194925
9/21/18,-1.87E-05
9/24/18,-0.001690404
9/25/18,0.000984921
9/26/18,-0.001019498
9/27/18,0.000175776
9/28/18,-0.001211007
10/1/18,0.003035666
10/2/18,-0.00244909
10/3/18,-0.001087804
10/4/18,-0.008125515
10/5/18,-0.004095863
10/8/18,-0.00128259
10/9/18,-0.000223684
10/10/18,-0.017635241
10/11/18,-0.009879187
10/12/18,0.006728453
10/15/18,-0.001518725
10/16/18,0.011612129
10/17/18,-0.004368748
10/18/18,-0.010357153
10/19/18,0.001382177
10/22/18,-0.001893039
10/23/18,-0.005798084
10/24/18,-0.017080302
10/25/18,0.009350872
10/26/18,-0.004775588
10/29/18,-0.00581959
10/30/18,0.0068428
10/31/18,0.003083025
11/1/18,0.009387487
11/2/18,-0.002191935
11/5/18,0.001739778
11/6/18,0.002363542
11/7/18,0.00970691
11/8/18,-0.006732832
11/9/18,-0.005025945
11/12/18,-0.010893034
11/13/18,-0.001968648
11/14/18,0.000807448
11/15/18,0.004151114
11/16/18,0.003637729
11/19/18,-0.007279577
11/20/18,-0.014729001
11/21/18,0.006472144
11/23/18,-0.007226394
11/26/18,0.00812275
11/27/18,-0.000657386
11/28/18,0.010767154
11/29/18,0.000451736
11/30/18,0.000498706
12/3/18,0.010461221
12/4/18,-0.01523444
12/6/18,-0.003361124
12/7/18,-0.008058578
12/10/18,-0.003609033
12/11/18,0.00053474
12/12/18,0.005261341
12/13/18,0.000490581
12/14/18,-0.010747788
12/17/18,-0.010297947
12/18/18,-0.000984076
12/19/18,-0.006121968
12/20/18,-0.006254839
12/21/18,-0.012069253
12/24/18,-0.011140551
12/26/18,0.022733144
12/27/18,0.002679112
12/28/18,0.000749315
12/31/18,0.004520691
1/2/19,0.000117393
1/3/19,-0.006071591
1/4/19,0.018681609
1/7/19,0.003860563
1/8/19,0.005026355
1/9/19,0.009627651
1/10/19,0.001773438
1/11/19,-0.002774591
1/14/19,-0.003887311
1/15/19,0.005675479
1/16/19,0.002257408
1/17/19,0.002942894
1/18/19,0.00640796
1/22/19,-0.008744021
1/23/19,0.001830137
1/24/19,0.00212748
1/25/19,0.007043554
1/28/19,-0.005263674
1/29/19,0.002014326
1/30/19,0.009751894
1/31/19,0.003087619
2/1/19,0.0009552
2/4/19,0.001841502
2/5/19,0.003326783
2/6/19,-0.002615247
2/7/19,-0.006377494
2/8/19,-0.000484806
2/11/19,-0.00173107
2/12/19,0.007807643
2/13/19,0.000386113
2/14/19,0.000879787
2/15/19,0.008281694
2/19/19,0.00196774
2/20/19,0.002565352
2/21/19,-0.002331637
2/22/19,0.004526988
2/25/19,-0.000714667
2/26/19,0.001927237
2/27/19,-0.000251953
2/28/19,-0.003077784
3/1/19,0.000709096
3/4/19,-0.001214607
3/5/19,0.00101692
3/6/19,-0.00310006
3/7/19,-0.005589655
3/8/19,-0.000985454
3/11/19,0.007996538
3/12/19,0.002481293
3/13/19,0.004745301
3/14/19,-0.001271159
3/15/19,0.00500099
3/18/19,0.003555567
3/19/19,0.000176431
3/20/19,0.002190802
3/21/19,0.002391633
3/22/19,-0.010599626
3/25/19,0.000572249
3/26/19,0.003374336
3/27/19,-0.002710859
3/28/19,0.001038379
3/29/19,0.002755551
4/1/19,0.007300912
4/2/19,0.000943285
4/3/19,0.002120603
4/4/19,0.000849865
4/5/19,0.003075865
4/8/19,0.001656083
4/9/19,-0.00278135
4/10/19,0.003881295
4/11/19,-0.002670623
4/12/19,0.004059901
4/15/19,-0.001192439
4/16/19,0.000622222
4/17/19,-0.001329477
4/18/19,0.000852931
4/22/19,0.000646468
4/23/19,0.003364851
4/24/19,-0.003311101
4/25/19,-0.001642126
4/26/19,0.00209919
4/29/19,0.000733002
4/30/19,0.001393166
5/1/19,-0.003569972
5/2/19,-0.0032226
5/3/19,0.006227913
5/6/19,-0.003195819
5/7/19,-0.010212064
5/8/19,0.00036052
5/9/19,-0.003330604
5/10/19,0.002918327
5/13/19,-0.014336324
5/14/19,0.00727855
5/15/19,0.00382042
5/16/19,0.004778732
5/17/19,-0.00565311
5/20/19,-0.003304425
5/21/19,0.004436232
5/22/19,-0.003543545
5/23/19,-0.007468133
5/24/19,0.004674205
5/28/19,-0.003573528
5/29/19,-0.003233243
5/30/19,0.000562359
5/31/19,-0.007165106
6/3/19,0.001671603
6/4/19,0.010555464
6/5/19,0.000142181
6/6/19,0.004917358
6/7/19,0.007351864
6/10/19,0.001129208
6/11/19,0.001952867
6/12/19,-0.00498101
6/13/19,0.003591668
6/14/19,-0.002529953
6/17/19,-0.000335201
6/18/19,0.0097428
6/19/19,0.003803508
6/20/19,0.009301559
6/21/19,-0.001699252
6/24/19,0.001265698
6/25/19,-0.004505192
6/26/19,0.00069068
6/27/19,0.002822647
6/28/19,0.00174504
7/1/19,0.004197778
7/2/19,-0.00110136
7/3/19,0.005761204
7/5/19,-0.0035974
7/8/19,-0.003315149
7/9/19,-0.000888065
7/10/19,0.006078293
7/11/19,-0.000888969
7/12/19,0.002891173
7/15/19,-0.00065717
7/16/19,-0.003729395
7/17/19,-0.003217599
7/18/19,0.003253768
7/19/19,-0.002364318
7/22/19,0.00069984
7/23/19,0.003380617
7/24/19,0.001882296
7/25/19,-0.004891478
7/26/19,0.002262376
7/29/19,6.89E-05
7/30/19,-0.002203397
7/31/19,-0.00578983
8/1/19,-0.006196937
8/2/19,-0.003415091
8/5/19,-0.015097368
8/6/19,0.006239491
8/7/19,0.000827532
8/8/19,0.009263975
8/9/19,-0.003393476
8/12/19,-0.004836682
8/13/19,0.008366586
8/14/19,-0.017014593
8/15/19,0.003457885
8/16/19,0.006784546
8/19/19,0.003950896
8/20/19,-0.001395374
8/21/19,0.004065146
8/22/19,-0.002358161
8/23/19,-0.011201271
8/26/19,0.005027924
8/27/19,0.000283533
8/28/19,0.004346236
8/29/19,0.006214247
8/30/19,-0.001397802
9/3/19,-0.003819128
9/4/19,0.010807385
9/5/19,0.004245006
9/6/19,0.001293749
9/9/19,0.001035445
9/10/19,-0.001385899
9/11/19,0.002047504
9/12/19,0.00172953
9/13/19,-0.001121563
9/16/19,0.005830504
9/17/19,-0.001012252
9/18/19,-0.000949641
9/19/19,0.001562169
9/20/19,-0.001071016
9/23/19,0.000300765
9/24/19,-0.00376636
9/25/19,-0.001054648
9/26/19,0.000445872
9/27/19,-0.004219957
9/30/19,0.0007601
10/1/19,-0.006505155
10/2/19,-0.009333244
10/3/19,0.005913733
10/4/19,0.006987566
10/7/19,-0.002777964
10/8/19,-0.007708743
10/9/19,0.004689855
10/10/19,0.003758437
10/11/19,0.008375798
10/14/19,-0.002276111
10/15/19,0.004704723
10/16/19,0.000849803
10/17/19,0.002300565
10/18/19,-0.001362665
10/21/19,0.002555381
10/22/19,-0.000746597
10/23/19,0.003201012
10/24/19,0.001636221
10/25/19,0.001701741
10/28/19,0.001936812
10/29/19,-0.000781807
10/30/19,0.00218403
10/31/19,-0.000813536
11/1/19,0.008068849
11/4/19,0.001797465
11/5/19,-0.001049605
11/6/19,-0.000712342
11/7/19,-0.000300216
11/8/19,0.000149278
11/11/19,-0.001821406
11/12/19,9.84E-05
11/13/19,-4.40E-05
11/14/19,0.001064052
11/15/19,0.004762863
11/18/19,-0.000764991
11/19/19,-0.000719666
11/20/19,-0.000871032
11/21/19,7.27E-05
11/22/19,0.000798264
11/25/19,0.004323421
11/26/19,0.001408573
11/27/19,0.001571655
11/29/19,-0.00595144
12/2/19,-0.004245436
12/3/19,-0.00094391
12/4/19,0.005643567
12/5/19,0.000554296
12/6/19,0.004951112
12/9/19,-0.00183847
12/10/19,-4.09E-05
12/11/19,0.003607844
12/12/19,0.004274977
12/13/19,0.002504644
12/16/19,0.005566417
12/17/19,0.000499121
12/18/19,-0.000634492
12/19/19,0.001372542
12/20/19,0.001159757
12/23/19,0.000894117
12/24/19,0.000580057
12/26/19,0.004224506
12/27/19,0.001539919
12/30/19,-0.003862181
12/31/19,0.00151968
1/2/20,0.006109349
1/3/20,-0.002938322
1/6/20,0.002131562
1/7/20,-0.00268435
1/8/20,-0.000464304
1/9/20,0.001616915
1/10/20,-0.000423236
1/13/20,0.002558452
1/14/20,0.00031065
1/15/20,0.000447888
1/16/20,0.003471852
1/17/20,0.001834388
1/21/20,-0.003517853
1/22/20,-0.000271321
1/23/20,-0.001440887
1/24/20,-0.005443186
1/27/20,-0.01151653
1/28/20,0.005488689
1/29/20,-0.000163634
1/30/20,-0.00084885
1/31/20,-0.009471583
2/3/20,-8.43E-05
2/4/20,0.008176979
2/5/20,0.005686549
2/6/20,0.001858726
2/7/20,-0.004615329
2/10/20,0.002412232
2/11/20,0.002965444
2/12/20,0.004953575
2/13/20,-0.001995883
2/14/20,0.001138982
2/18/20,-0.001588987
2/19/20,0.003525368
2/20/20,-0.003305782
2/21/20,-0.003655259
2/24/20,-0.02061564
2/25/20,-0.01443804
2/26/20,-0.003136933
2/27/20,-0.021972874
2/28/20,-0.000435543
3/2/20,0.018519891
3/3/20,-0.008005167
3/4/20,0.017817584
3/5/20,-0.01527172
3/6/20,-0.012037079
3/9/20,-0.054857795
3/10/20,0.024940933
3/11/20,-0.03254567
3/12/20,-0.076112061
3/13/20,0.048446017
3/16/20,-0.066613841
3/17/20,0.018585659
3/18/20,-0.054248865
3/19/20,0.01438715
3/20/20,-0.012869536
3/23/20,-0.008293664
3/24/20,0.052383422
3/25/20,0.015889311
3/26/20,0.033028226
3/27/20,-0.018141011
3/30/20,0.01051249
3/31/20,-0.006565017
4/1/20,-0.026513005
4/2/20,0.017511225
4/3/20,-0.005641397
4/6/20,0.032828577
4/7/20,0.002316516
4/8/20,0.014934126
4/9/20,0.01232322
4/13/20,-0.005770855
4/14/20,0.01096623
4/15/20,-0.016522764
4/16/20,0.001889533
4/17/20,0.013985814
4/20/20,-0.01305228
4/21/20,-0.025695141
4/22/20,0.013162079
4/23/20,0.003754426
4/24/20,0.006406243
4/27/20,0.002957614
4/28/20,0.001283066
4/29/20,0.019946938
4/30/20,-0.003841056
5/1/20,-0.014268754
5/4/20,0.003137426
5/5/20,0.008350722
5/6/20,-0.007262102
5/7/20,0.00888127
5/8/20,0.011664222
5/11/20,-0.002989962
5/12/20,-0.008853691
5/13/20,-0.009019239
5/14/20,0.005732454
5/15/20,0.002278673
5/18/20,0.024101712
5/19/20,-0.005186289
5/20/20,0.013252467
5/21/20,-0.004909957
5/22/20,-0.003522483
5/26/20,0.012560552
5/27/20,0.006832514
5/28/20,0.000653258
5/29/20,0.005454346
6/1/20,0.007516035
6/2/20,0.0082383
6/3/20,0.009926302
6/4/20,-0.00223828
6/5/20,0.016020943
6/8/20,0.00710552
6/9/20,-0.004948589
6/10/20,0.001587516
6/11/20,-0.036717084
6/12/20,0.008670017
6/15/20,0.004922515
6/16/20,0.009774581
6/17/20,-0.001368221
6/18/20,0.000563958
6/19/20,-0.002159111
6/22/20,0.006834827
6/23/20,0.003043307
6/24/20,-0.016742831
6/25/20,0.006626685
6/26/20,-0.011934093
6/29/20,0.009641215
6/30/20,0.004312553
7/1/20,0.004115968
7/2/20,0.006070822
7/6/20,0.012109198
7/7/20,-0.006525852
7/8/20,0.00724985
7/9/20,-0.004348484
7/10/20,0.005689664
7/13/20,-0.006614956
7/14/20,0.00784945
7/15/20,0.007286643
7/16/20,-0.00450415
7/17/20,0.003680852
7/20/20,0.004542738
7/21/20,0.005125083
7/22/20,0.002668527
7/23/20,-0.006013167
7/24/20,-0.001992176
7/27/20,0.007274081
7/28/20,-0.004412157
7/29/20,0.009163736
7/30/20,-0.004579659
7/31/20,-0.002295071
8/3/20,0.007170697
8/4/20,0.004739505
8/5/20,0.004722719
8/6/20,0.002855922
8/7/20,-0.004603946
8/10/20,0.002179459
8/11/20,-0.004068449
8/12/20,0.008583401
8/13/20,-0.001600641
8/14/20,-0.000679429
8/17/20,0.005277025
8/18/20,0.001960138
8/19/20,-0.004283326
8/20/20,0.000659155
8/21/20,-0.000534657
8/24/20,0.006297542
8/25/20,0.002386596
8/26/20,0.004361037
8/27/20,-0.002826446
8/28/20,0.00625624
8/31/20,-0.002835817
9/1/20,0.005090835
9/2/20,0.003965819
9/3/20,-0.017275465
9/4/20,-0.004691487
9/8/20,-0.016070191
9/9/20,0.011461561
9/10/20,-0.009658359
9/11/20,0.004139275
9/14/20,0.006727345
9/15/20,0.004429973
9/16/20,0.001077645
9/17/20,-0.000772923
9/18/20,-0.004877731
9/21/20,-0.011035089
9/22/20,0.001416712
9/23/20,-0.012782921
9/24/20,0.00072295
9/25/20,0.006138102
9/28/20,0.010401991
9/29/20,-0.003604096
9/30/20,0.00317008
10/1/20,0.003235606
10/2/20,-0.005049138
10/5/20,0.011893675
10/6/20,-0.004676242
10/7/20,0.007489013
10/8/20,0.00718736
10/9/20,0.005302948
10/12/20,0.004644784
10/13/20,-0.00317417
10/14/20,-0.000553534
10/15/20,-0.002997786
10/16/20,-0.000123634
10/19/20,-0.005500504
10/20/20,0.0036758
10/21/20,-0.001653159
10/22/20,0.001324575
10/23/20,0.00250022
10/26/20,-0.011605102
10/27/20,-0.000174903
10/28/20,-0.021041152
10/29/20,0.002162909
10/30/20,-0.005975094
11/2/20,0.008019461
11/3/20,0.012137524
11/4/20,0.014257205
11/5/20,0.013463484
11/6/20,-0.000827117
11/9/20,0.008451589
11/10/20,0.00236609
11/11/20,0.003156441
11/12/20,-0.005614587
11/13/20,0.007695876
11/16/20,0.009097421
11/17/20,0.000169493
11/18/20,-0.004451766
11/19/20,0.003785161
11/20/20,0.000429993
11/23/20,0.002693685
11/24/20,0.010812535
11/25/20,0.000351114
11/27/20,0.003286421
11/30/20,-0.007034313
12/1/20,0.007325054
12/2/20,0.00116034
12/3/20,0.003853371
12/4/20,0.004950606
12/7/20,-0.002389374
12/8/20,0.002351988
12/9/20,-0.003357028
12/10/20,0.004243043
12/11/20,-0.001227796
12/14/20,-0.001187539
12/15/20,0.008392855
12/16/20,0.001528568
12/17/20,0.005940815
12/18/20,-0.001639954
12/21/20,-0.00536905
12/22/20,-0.00210067
12/23/20,0.003566401
12/24/20,0.002313806
12/28/20,0.001831379
12/29/20,0.001947191
12/30/20,0.003586539
12/31/20,0.001163389
1/4/21,-0.003164045
1/5/21,0.009528378
1/6/21,0.003226634
1/7/21,0.003981362
1/8/21,0.005803365
1/11/21,-0.006716519
1/12/21,0.004402965
1/13/21,0.000613012
1/14/21,0.001974994
1/15/21,-0.007755577
1/19/21,0.005164186
1/20/21,0.007427763
1/21/21,-0.000355878
1/22/21,-0.004464014
1/25/21,0.002993611
1/26/21,-0.00089786
1/27/21,-0.014533542
1/28/21,0.004245966
1/29/21,-0.011159031
2/1/21,0.01004566
2/2/21,0.007808862
2/3/21,0.001264006
2/4/21,0.003929842
2/5/21,0.004244521
2/8/21,0.006329471
2/9/21,0.002233319
2/10/21,-0.000267532
2/11/21,0.003133877
2/12/21,0.002982674
2/16/21,-0.000450769
2/17/21,-0.001168296
2/18/21,-0.003224297
2/19/21,0.00038607
2/22/21,-0.004222732
2/23/21,0.001606488
2/24/21,0.004674814
2/25/21,-0.016703803
2/26/21,-0.005203501
3/1/21,0.01242271
3/2/21,-0.0031364
3/3/21,-0.007192111
3/4/21,-0.008027411
3/5/21,0.009140572
3/8/21,-0.007711197
3/9/21,0.009897237
3/10/21,0.004039331
3/11/21,0.009619056
3/12/21,-0.002648025
3/15/21,0.002316446
3/16/21,-0.001073227
3/17/21,0.002832404
3/18/21,-0.014997532
3/19/21,0.003639039
3/22/21,0.003240411
3/23/21,-0.010163142
3/24/21,-0.002123998
3/25/21,0.000935795
3/26/21,0.010838645
3/29/21,-0.002993245
3/30/21,-0.002147516
3/31/21,0.000789473
4/1/21,0.009989751
4/5/21,0.004567615
4/6/21,0.001469556
4/7/21,-0.001032389
4/8/21,0.005435358
4/9/21,0.000853264
4/12/21,-0.001855601
4/13/21,0.004453589
4/14/21,0.002034156
4/15/21,0.007645604
4/16/21,0.00096826
4/19/21,-0.001615713
4/20/21,-0.006034484
4/21/21,0.005399459
4/22/21,-0.00267371
4/23/21,0.007871839
4/26/21,0.00214662
4/27/21,-0.00100539
4/28/21,0.002211953
4/29/21,0.001432677
4/30/21,-0.007306362
5/3/21,0.004201773
5/4/21,-0.004380761
5/5/21,0.002510918
5/6/21,0.004884586
5/7/21,0.006647831
5/10/21,-0.006701198
5/11/21,-0.004324064
5/12/21,-0.014430038
5/13/21,0.003147857
5/14/21,0.010538023
5/17/21,0.000415751
5/18/21,-0.001391489
5/19/21,-0.005741497
5/20/21,0.00638639
5/21/21,0.00023854
5/24/21,0.006375823
5/25/21,0.000675811
5/26/21,0.001539123
5/27/21,0.001898334
5/28/21,0.001041841
6/1/21,0.004116765
6/2/21,0.001546174
6/3/21,-0.005165949
6/4/21,0.008076653
6/7/21,-0.000184958
6/8/21,0.001124894
6/9/21,-0.0008687
6/10/21,0.003559342
6/11/21,0.000752665
6/14/21,-0.00010874
6/15/21,-0.001568603
6/16/21,-0.006174506
6/17/21,-0.004431201
6/18/21,-0.006617829
6/21/21,0.009029187
6/22/21,0.001147203
6/23/21,-0.000712465
6/24/21,0.004524574
6/25/21,0.001798536
6/28/21,-0.000181338
6/29/21,0.000331849
6/30/21,-0.000712638
7/1/21,0.002513947
7/2/21,0.003598958
7/6/21,-0.00460993
7/7/21,0.00077627
7/8/21,-0.005012552
7/9/21,0.008907279
7/12/21,0.001320665
7/13/21,-0.00325625
7/14/21,0.001209923
7/15/21,-0.003167732
7/16/21,-0.003848442
7/19/21,-0.011170302
7/20/21,0.007986465
7/21/21,0.006883473
7/22/21,0.002402007
7/23/21,0.003532408
7/26/21,0.000137075
7/27/21,-0.003042029
7/28/21,0.003561154
7/29/21,0.004464306
7/30/21,-0.003493048
8/2/21,-0.000439253
8/3/21,0.004189005
8/4/21,-0.00371431
8/5/21,0.003228081
8/6/21,-0.003649002
8/9/21,-0.002111839
8/10/21,0.001369388
8/11/21,0.003601557
8/12/21,-0.000208765
8/13/21,0.001964079
8/16/21,-0.001870001
8/17/21,-0.006590127
8/18/21,-0.004884479
8/19/21,-0.004365553
8/20/21,0.001459391
8/23/21,0.010195125
8/24/21,0.004476506
8/25/21,0.001162315
8/26/21,-0.004168605
8/27/21,0.008588974
8/30/21,0.00114737
8/31/21,-0.001009499
9/1/21,0.003123511
9/2/21,0.003381572
9/3/21,0.000788701
9/7/21,-0.004422403
9/8/21,-0.001590405
9/9/21,-0.001160592
9/10/21,-0.002478678
9/13/21,0.003215649
9/14/21,-0.00282402
9/15/21,0.005210217
9/16/21,-0.002880741
9/17/21,-0.007351311
9/20/21,-0.010119886
9/21/21,0.001061807
9/22/21,0.007018542
9/23/21,0.006368994
9/24/21,-0.002647614
9/27/21,0.001112617
9/28/21,-0.013986421
9/29/21,-0.002255226
9/30/21,-0.002283651
10/1/21,0.006586802
10/4/21,-0.004910179
10/5/21,0.004394105
10/6/21,-0.001921474
10/7/21,0.006210788
10/8/21,-0.00122824
10/11/21,-0.003917088
10/12/21,0.000591416
10/13/21,0.005848463
10/14/21,0.009671688
10/15/21,0.003400105
10/18/21,-0.000316838
10/19/21,0.003983474
10/20/21,0.00335327
10/21/21,-0.002852047
10/22/21,0.002387024
10/25/21,0.002071393
10/26/21,0.000375583
10/27/21,-0.003639311
10/28/21,0.005661444
10/29/21,-0.002726116
11/1/21,0.003762357
11/2/21,0.000743592
11/3/21,0.001202945
11/4/21,0.000991304
11/5/21,0.004603904
11/8/21,0.001275521
11/9/21,0.000508381
11/10/21,-0.01037125
11/11/21,0.001351764
11/12/21,0.0039519
11/15/21,-0.002147064
11/16/21,0.000340596
11/17/21,-0.002263255
11/18/21,0.001247169
11/19/21,-0.003897402
11/22/21,-0.005290261
11/23/21,0.001199043
11/24/21,1.37E-05
11/26/21,-0.016926669
11/29/21,0.004240731
11/30/21,-0.010223195
12/1/21,-0.006622289
12/2/21,0.009839534
12/3/21,-0.004851735
12/6/21,0.008075763
12/7/21,0.012394835
,
,
,
,
,
,
,
,
,
,
,
,
,
,
,
,
,
,
,
,
,
,
,
,
,
,
,
,
,
,
,
,
,
,
,
,
,
,
,
,
,
,
,
,
,
,
,
,
,
,
,
,
,
,
,
,
,
,
,
,
,
,
,
,
,
,
,
,
,
,
,
,
,
,
,
,
,
,
,
,
,
,
,
,
,
,
,
,
,
,
,
,
,
,
,
,
,
,
,
,
,
,
,
,
,
,
,
,
,
,
,
,
,
,
,
,
,
,
,
,
,
,
,
,
,
,
,
,
,
,
,
,
,
,
,
,
,
,
,
,
,
,
,
,
,
,
,
,
,
,
,
,
,
,
,
,
,
,
,
,
,
,
,
,
,
,
,
,
,
,
,
,
,
,
,
,
,
,
,
,
,
,
,
,
,
,
,
,
,
,
,
,
,
,
,
,
,
,
,
,
,
,
,
,
,
,
,
,
,
,
,
,
,
,
,
,
,
,
,
,
,
,
,
,
,
,
,
,
,
,
,
,
,
,
,
,
,
,
,
,
,
,
,
,
,
,
,
,
,
,
,
,
,
,
,
,
,
,
,
,
,
,
,
,
,
,
,
,
,
,
,
,
,
,
,
,
,
,
,
,
,
,
,
,
,
,
,
,
,
,
,
,
,
,
,
,
,
,
,
,
,
,
,
,
,
,
,
,
,
,
,
,
,
,
,
,
,
,
,
,
,
,
,
,
,
,
,
,
,
,
,
,
,
,
,
,
,
,
,
,
,
,
,
,
,
,
,
,
,
,
,
,
,
,
,
,
,
,
,
,
,
,
,
,
,
,
,
,
,
,
,
,
,
,
,
,
,
,
,
,
,
,
,
,
,
,
,
,
,
,
,
,
,
,
,
,
,
,
,
,
,
,
,
,
,
,
,
,
,
,
,
,
,
,
,
,
,
,
,
,
,
,
,
,
,
,
,
,
,
,
,
,
,
,
,
,
,
,
,
,
,
,
,
,
,
,
,
,
,
,
,
,
,
,
,
,
,
,
,
,
,
,
,
,
,
,
,
,
,
,
,
,
,
,
,
,
,
,
,
,
,
,
,
,
,
,
,
,
,
,
,
,
,
,
,
,
,
,
,
,
,
,
,
,
,
,
,
,
,
,
,
,
,
,
,
,
,
,
,
,
,
,
,
,
,
,
,
,
,
,
,
,
,
,
,
,
,
,
,
,
,
,
,
,
,
,
,
,
,
,
,
,
,
,
,
,
,
,
,
,
,
,
,
,
,
,
,
,
,
,
,
,
,
,
,
,
,
,
,
,
,
,
,
,
,
,
,
,
,
,
,
,
,
,
,
,
,
,
,
,
,
,
,
,
,
,
,
,
,
,
,
,
,
,
,
,
,
,
,
,
,
,
,
,
,
,
,
,
,
,
,
,
,
,
,
,
,
,
,
,
,
,
,
,
,
,
,
,
,
,
,
,
,
,
,
,
,
,
,
,
,
,
,
,
,
,
,
,
,
,
,
,
,
,
,
,
,
,
,
,
,
,
,
,
,
,
,
,
,
,
,
,
,
,
,
,
,
,
,
,
,
,
,
,
,
,
,
,
,
,
,
,
,
,
,
,
,
,
,
,
,
,
,
,
,
,
,
,
,
,
,
,
,
,
,
,
,
,
,
,
,
,
,
,
,
,
,
,
,
,
,
,
,
,
,
,
,
,
,
,
,
,
,
,
,
,
,
,
,
,
,
,
,
,
,
,
,
,
,
,
,
,
,
,
,
,
,
,
,
,
,
,
,
,
,
,
,
,
,
,
,
,
,
,
,
,
,
,
,
,
,
,
,
,
,
,
,
,
,
,
,
,
,
,
,
,
,
,
,
,
,
,
,
,
,
,
,
,
,
,
,
,
,
,
,
,
,
,
,
,
,
,
,
,
,
,
,
,
,
,
,
,
,
,
,
,
,
,
,
,
,
,
,
,
,
,
,
,
,
,
,
,
,
,
,
,
,
,
,
,
,
,
,
,
,
,
,
,
,
,
,
,
,
,
,
,
,
,
,
,
,
,
,
,
,
,
,
,
,
,
,
,
,
,
,
,
,
,
,
,
,
,
,
,
,
,
,
,
,
,
,
,
,
,
,
,
,
,
,
,
,
,
,
,
,
,
,
,
,
,
,
,
,
,
,
,
,
,
,
,
,
,
,
,
,
,
,
,
,
,
,
,
,
,
,
,
,
,
,
,
,
,
,
,
,
,
,
,
,
,
,
,
,
,
,
,
,
,
,
,
,
,
,
,
,
,
,
,
,
,
,
,
,
,
,
,
,
,
,
,
,
,
,
,
,
,
,
,
,
,
,
,
,
,
,
,
,
,
,
,
,
,
,
,
,
,
,
,
,
,
,
,
,
,
,
,
,
,
,
,
,
,
,
,
,
,
,
,
,
,
,
,
,
,
,
,
,
,
,
,
,
,
,
,
,
,
,
,
,
,
,
,
,
,
,
,
,
,
,
,
,
,
,
,
,
,
,
,
,
,
,
,
,
,
,
,
,
,
,
,
,
,
,
,
,
,
,
,
,
,
,
,
,
,
,
,
,
,
,
,
,
,
,
,
,
,
,
,
,
,
,
,
,
,
,
,
,
,
,
,
,
,
,
,
,
,
,
,
,
,
,
,
,
,
,
,
,
,
,
,
,
,
,
,
,
,
,
,
,
,
,
,
,
,
,
,
,
,
,
,
,
,
,
,
,
,
,
,
,
,
,
,
,
,
,
,
,
,
,
,
,
,
,
,
,
,
,
,
,
,
,
,
,
,
,
,
,
,
,